barcode,in_tissue,channel1_mean,channel1_stdev,channel2_mean,channel2_stdev,channel3_mean,channel3_stdev
CGTTGAGTAATTGCGT-1,1,89.7883360522023,98.0059365532428,102.196982055465,90.4458727431792,92.6696574225122,98.4965870478688
TAAATGCCGTCTCATG-1,1,93.4477977161501,97.3236522032759,104.968189233279,89.9273712720378,88.4902120717781,98.7849072362331
GCAAGATGTGTTCGCG-1,1,88.6957585644372,98.8075374654555,101.411500815661,91.1376569288011,84.7304241435563,100.629253500241
CTATTGTGTTTGGTCA-1,1,82.6933115823817,99.7558057821146,99.0159053833605,91.4164153920741,80.7247145187602,101.216385035393
TGCGAGCCCTTCCGCG-1,1,91.7251223491028,98.1037186530958,101.374796084829,90.6183726550082,86.7063621533442,99.7512865088743
TTGAAAGGTGTAAAGG-1,1,85.8584828711256,98.6949670997166,98.8336052202284,91.260942294448,82.8511419249592,100.564071163479
GGTGCAGAGCCTATCG-1,1,82.0008156606851,99.9942371878829,99.297308319739,91.4851414277389,81.6557911908646,100.984572917242
ACTATATGCTGTGTTC-1,1,83.2340946166395,99.5824144690648,99.873572593801,90.7366957956299,85.1121533442088,100.366356154483
GCTAGCAGGGAGTGGG-1,1,88.623572593801,99.7104894776348,98.0297716150082,93.6820723496201,94.9416802610114,99.7413879895917
CTCAAGACATTAGCGC-1,1,90.6668026101142,97.0177217160392,104.016313213703,89.7176042390123,88.7361337683524,99.0805904749742
CACGGCGCGCCAAAGG-1,1,90.7071778140294,98.5830686932672,105.370717781403,91.179349322519,105.494290375204,94.5790944451389
TGCAATTTGGGCACGG-1,1,89.5485318107667,98.2519342688331,104.889885807504,90.4761202286802,100.493882544861,96.3371740529153
ATGCCAATCGCTCTGC-1,1,77.7504078303426,102.338603385529,84.9628874388254,98.3313297841096,76.9196574225122,104.214758132459
