Feature.ID,Feature.Name,Feature.Type,I,P.value,Adjusted.p.value,Feature.Counts.in.Spots.Under.Tissue,Median.Normalized.Average.Counts,Barcodes.Detected.per.Feature
ENSG00000014257,ACPP,Gene Expression,0.714433643916315,0,0,298088,55.3296901966678,3450
ENSG00000142515,KLK3,Gene Expression,0.709650204337208,0,0,467281,87.7577605843826,3460
ENSG00000263639,MSMB,Gene Expression,0.691149601184453,0,0,148996,27.9044207284538,3419
ENSG00000163810,TGM4,Gene Expression,0.67555682221068,0,0,7099,1.67987518969211,1394
ENSG00000149591,TAGLN,Gene Expression,0.656598349329056,0,0,141297,43.7045715538484,3460
