barcode,in_tissue,channel1_mean,channel1_stdev,channel2_mean,channel2_stdev,channel3_mean,channel3_stdev
GTGGCGTGCACCAGAG-1,1,98.2793637846656,97.6687806623569,102.32911908646,91.7731426220551,90.7353181076672,98.1499485827229
GGTCCCATAACATAGA-1,1,106.380097879282,95.3493784764582,105.809951060359,90.6849939231189,91.6982055464927,97.0596524336879
TGCATGGCAGTCTTGC-1,1,89.8384991843393,99.0159453883096,96.4612561174551,92.7891040482114,82.2540783034258,100.810497502469
GGAGGCGAAGAACCGC-1,1,82.6101141924959,100.183280795172,93.2899673735726,94.7776758729685,85.4424959216966,100.460300511009
GGGTCACGTGCTTATG-1,1,107.926590538336,98.1255911678806,104.689233278956,93.6059501160492,90.8992659053834,97.6671740332303
GCTCCGGACGTTGATA-1,1,86.8996737357259,99.8624121173242,94.7446982055465,95.4411500581354,86.1031810766721,100.382479995485
TGACCCAGCATTCCCG-1,1,95.46044045677,99.7862707072757,97.2699836867863,93.8047703432584,84.997145187602,100.252436232956
GAACTTAGCGCCCGGT-1,1,85.2883360522023,98.9307087466796,95.9963295269168,92.8231161945536,82.4424959216966,100.698528665202
AGTAGCTAGACGCCGA-1,1,94.5599510603589,96.8210584963311,99.5285481239804,91.58384538094,84.8723491027732,100.301891463653
ATAGGAATCTAAGCTT-1,1,89.4898042414356,97.3298128711562,99.9249592169657,92.1299666088479,86.8862153344209,99.5627538139338
CTTCCTGCATATTTAC-1,1,82.7067699836868,99.7149652433483,93.1835236541599,93.7219548358479,78.3817292006525,102.352612972645
CAATATGTAGATTTAC-1,1,86.4775693311582,98.5545239705953,97.6296900489396,92.6635711697254,87.6986133768352,99.4890787190945
